url_path,views_total,views_unique
/edanya-uma/Tsunami-HySEA,72,31
/edanya-uma/Tsunami-HySEA/blob/main/Mediterranean/mediterranean.txt,12,5
/edanya-uma/Tsunami-HySEA/tree/main,11,5
/edanya-uma/Tsunami-HySEA/tree/main/Mediterranean,11,4
/edanya-uma/Tsunami-HySEA/tree/main/src,10,5
/edanya-uma/Tsunami-HySEA/blob/main/Mediterranean/Mediterranean.grd,6,4
/edanya-uma/Tsunami-HySEA/tree/main/src/GPU,4,3
/edanya-uma/Tsunami-HySEA/blob/main/CITATION.cff,3,2
/edanya-uma/Tsunami-HySEA/tree/main/.github/workflows,3,2
/edanya-uma/Tsunami-HySEA/blob/main/src/GPU/CMakeLists.txt,3,1
